Top queries,Clicks,Impressions,CTR,Position
online tint exemption,14,80,17.5%,5.31
window tint prescription online,11,226,4.87%,13.25
tint exemption online,5,91,5.49%,6.78
tint prescription online,5,37,13.51%,7.54
get tint exemption online,5,32,15.62%,8.66
tint exemption,4,347,1.15%,9.13
window tint prescription online free,4,72,5.56%,9.25
window tint exemption,3,49,6.12%,9.55
window tint exemption online,3,27,11.11%,10.85
ny tint exemption online,2,90,2.22%,10.14
window tint prescription online florida,2,25,8%,10.6
nys tint exemption doctor,2,15,13.33%,10.47
florida window tint exemption online,2,11,18.18%,9
ny tint exemption doctor,2,8,25%,10.62
myeyerx,1,48,2.08%,6.81
tint exemption doctor,1,37,2.7%,10.38
get a tint exemption online,1,16,6.25%,7.19
medical window tint exemption,1,14,7.14%,8.5
tint medical exemption,1,14,7.14%,11.21
window tint prescription online mn,1,13,7.69%,9.31
window tint prescription online texas,1,6,16.67%,10.33
tint exemptions,1,6,16.67%,10.67
how to get exemption for tinted windows,1,2,50%,12
window tint medical exemption florida,1,2,50%,22
dmv window tint form,1,1,100%,12
can i get a tint exemption for astigmatism,0,71,0%,9.06
can you get a tint exemption for astigmatism,0,57,0%,9.96
can you get tint exemption for astigmatism,0,53,0%,9.42
tint exemption form,0,39,0%,9.23
medical tint exemption,0,34,0%,11.06
how to get tint exemption,0,32,0%,11
can i get tint exemption for astigmatism,0,30,0%,9.37
dmv tint exemption,0,30,0%,11.9
ny tint exemption,0,30,0%,24.8
doctors note for tinted windows,0,30,0%,77.87
how to get a tint exemption,0,29,0%,9.66
online window tint exemption,0,28,0%,6.18
michigan tint laws 2026,0,24,0%,12
how to get medical exemption for window tint,0,24,0%,21.12
if i have astigmatism can i get a tint exemption,0,22,0%,9.59
astigmatism window tint exemption,0,22,0%,10.68
medical exemption for window tint,0,21,0%,24
florida tint exemption,0,21,0%,37.52
does astigmatism qualify for tint exemption,0,19,0%,6.84
can astigmatism get you a tint exemption,0,19,0%,8.42
can i get a tint prescription for astigmatism,0,19,0%,9.63
can i get a window tint exemption for astigmatism,0,18,0%,9.33
tint exemption for astigmatism,0,18,0%,9.33
can you get a tint waiver for astigmatism,0,18,0%,11.83
does tint help with astigmatism,0,17,0%,11.47
eye doctor for tint exemption,0,17,0%,23.18
tint waiver,0,16,0%,9.5
window tint medical exemption,0,16,0%,11.12
nyc tint exemption,0,14,0%,19.5
exemption window tinting california pdf,0,14,0%,43
how to get a medical exemption for window tint,0,12,0%,12.17
astigmatism tint exemption,0,12,0%,13.5
nys tint exemption,0,12,0%,26.17
tint exemption ny,0,12,0%,28.33
can i get a tint exemption for migraines,0,11,0%,7.91
what medical conditions qualify for window tint in texas,0,11,0%,41.91
california tint exemption,0,11,0%,51.91
tint exemption california,0,11,0%,52.64
online tint prescription,0,10,0%,8.2
can you get a tint prescription for astigmatism,0,10,0%,9.3
florida window tint medical exemption doctor's note,0,10,0%,10.4
astigmatism windshield tint,0,10,0%,10.7
photophobia tint exemption,0,10,0%,13
is astigmatism a reason for tint exemption,0,9,0%,7
can you get window tint exemption for astigmatism,0,9,0%,8.22
how long does it take to get tint exemption in ny,0,9,0%,9.78
nys dmv tint exemption approvals and handicap stickers reviews,0,9,0%,10.44
tint exemption ny online,0,9,0%,11.22
tint exemption nyc,0,9,0%,18.89
window tint exemption california,0,9,0%,50.33
eye doctor tint exemption,0,8,0%,8.5
tint excemption,0,8,0%,9
medical window tint,0,8,0%,9.25
tint exempt,0,8,0%,10.38
how can i get a tint exemption,0,8,0%,11
window tint for astigmatism,0,8,0%,12
online window tint prescription,0,7,0%,7.14
can you get tinted windows for astigmatism,0,7,0%,8.86
florida medical exemption window tint doctor's note,0,7,0%,9
astigmatism window tint,0,7,0%,9.29
nys tint exemption online,0,7,0%,10.57
does windshield tint help with astigmatism,0,7,0%,10.71
florida window tint medical exemption doctor note,0,7,0%,10.71
where can i get a tint exemption,0,7,0%,11.29
where to get tint exemption,0,7,0%,11.57
does astigmatism qualify for window tint,0,7,0%,15
how to get tint exemption in ny,0,7,0%,15.14
window tint exemption sticker florida,0,7,0%,25.86
window tint exemption form,0,6,0%,7.67
can you get darker tint if you have astigmatism,0,6,0%,10.17
astigmatism tinted windows,0,6,0%,10.67
can you get a car tint prescription for astigmatism,0,6,0%,11
tinted window exemption,0,6,0%,11.83
wv window tint medical exemption form,0,6,0%,13
michigan window tint laws 2026,0,6,0%,15.5
what medical conditions qualify for tint exemption,0,6,0%,16
windshield tint exemption,0,6,0%,16.67
tint exemption eye doctor,0,6,0%,22.33
how to get a tint waiver,0,6,0%,22.67
tint exemption florida,0,6,0%,48.67
semi truck window tint laws in indiana,0,6,0%,76
is blue tint legal near indiana,0,6,0%,80
suv tint laws in indiana,0,6,0%,83.67
dmv window tint exemption,0,5,0%,7.2
florida window tint medical exemption requirements doctor's note,0,5,0%,8
california window tint medical exemption requirements 2026,0,5,0%,8.6
can i get window tint for astigmatism,0,5,0%,9.2
tint expemtion,0,5,0%,9.2
what medical conditions qualify for window tint,0,5,0%,9.2
can i get tints if i have astigmatism,0,5,0%,9.4
does tinted windows help with astigmatism,0,5,0%,9.4
nys dmv tint exemption approvals and handicap stickers,0,5,0%,9.4
tint exemtion,0,5,0%,9.4
can you get a tint exemption for migraines,0,5,0%,10.2
do tinted windows help with astigmatism,0,5,0%,10.2
can you get a window tint prescription for astigmatism,0,5,0%,10.4
dmv tint exemption form,0,5,0%,10.8
how to get a tint permit,0,5,0%,11.4
eye doctor window tint,0,5,0%,11.8
ez tint exemption,0,5,0%,17.8
what is a tint exemption,0,5,0%,18
how to get a tint exemption in ny,0,5,0%,21.6
medical exemption for tints,0,5,0%,23
window tint exemption ny,0,5,0%,28
semi truck tint laws in indiana,0,5,0%,70.2
tint exemption requirements,0,4,0%,7.25
exemption for window tint,0,4,0%,7.5
eye exemption for tint,0,4,0%,8.25
doctor tint exemption,0,4,0%,9.25
how to get medical exemption for tint,0,4,0%,9.25
if you have astigmatism can you get a tint exemption,0,4,0%,9.5
front windshield tint exemption,0,4,0%,9.75
get tint exemption,0,4,0%,9.75
how to get a window tint exemption,0,4,0%,10.5
does tint help astigmatism,0,4,0%,10.75
form for tint exemption,0,4,0%,10.75
can you get dark tint for astigmatism,0,4,0%,11
how to get legal tint exemption,0,4,0%,11
permit for tinted windows,0,4,0%,11
myeyerx.net,0,4,0%,11.25
how to get a medical tint exemption,0,4,0%,11.5
astigmatism tint,0,4,0%,12
tint exemption ny doctor,0,4,0%,12.5
how to get tint exemption in florida,0,4,0%,13
window tint exemption for migraines florida,0,4,0%,14.5
how to get window tint exemption ny,0,4,0%,20.5
how to get medical tint exemption,0,4,0%,20.75
medical reasons for tinted windows,0,4,0%,26.5
ny window tint exemption,0,4,0%,27.5
application for sunscreening medical exemption florida,0,4,0%,28.75
application for tinted window exemption ny,0,4,0%,32.5
window tint exemption form florida,0,4,0%,33.25
how to get a doctor's note for window tint,0,4,0%,35.25
medical exemption for window tint ny,0,4,0%,37.75
ny state window tint exemption,0,4,0%,41
nyc tint exemption sticker,0,4,0%,45.5
window tint exemption texas,0,4,0%,51
indiana tint laws,0,4,0%,87.5
what qualifies for window tint exemption,0,3,0%,7
reasons for tint exemption,0,3,0%,8
medical window tint exemption form,0,3,0%,8.33
california window tint medical exemption 2026,0,3,0%,8.67
dmv window tint exemption form,0,3,0%,9
timt exemption,0,3,0%,9
window tint permit,0,3,0%,9
florida window tint medical exemption crestview or okaloosa,0,3,0%,9.33
what qualifies for tint exemption,0,3,0%,9.33
application for tinted window exemption,0,3,0%,9.67
how to get window tint exemption,0,3,0%,10
how do you get a tint exemption,0,3,0%,10.33
how do you get tint exemption,0,3,0%,10.67
window tint waiver,0,3,0%,10.67
doctor tint,0,3,0%,11
how can i get tint exemption,0,3,0%,11
tint exemption sticker,0,3,0%,11
does window tint help with astigmatism,0,3,0%,11.33
dmv window tint exemption requirements,0,3,0%,14
window tint prescription online california,0,3,0%,14
tinted window permit,0,3,0%,18.67
can you get a prescription for window tint,0,3,0%,19
window tint exemption sticker,0,3,0%,19
medical exemption window tint,0,3,0%,19.33
window tint prescription online nj,0,3,0%,19.33
ny state tint exemption,0,3,0%,21
how to get a medical exemption for tint,0,3,0%,23.33
medical tint,0,3,0%,30.33
nys tint exemption form,0,3,0%,34
window tint exemption florida,0,3,0%,38.67
tinted window exemption ny,0,3,0%,41.33
fl tint exemption,0,3,0%,44.33
window tint exemption form california,0,3,0%,47.33
doctors note for tinted windows california,0,3,0%,56.33
commercial truck window tint laws in indiana,0,3,0%,76
what tint is legal in indiana,0,3,0%,76.33
indiana window tint law,0,3,0%,87
florida window tint medical exemption 2025,0,2,0%,4.5
can i get a tint exemption for sensitive eyes,0,2,0%,7
tinted window medical exemption,0,2,0%,7
window tint form dmv,0,2,0%,7
florida medical exemption window tint lupus photosensitivity,0,2,0%,7.5
tint waiver form,0,2,0%,7.5
window tint medical exemption requirements by state,0,2,0%,8
tint exemption indiana,0,2,0%,8.5
can an eye doctor give you a tint exemption,0,2,0%,9
can my eye doctor give me a tint exemption,0,2,0%,9
florida window tint medical exemption crestview,0,2,0%,9
medical exemption for tinted windows,0,2,0%,9
requirements for tint exemption,0,2,0%,9
can you get tints for astigmatism,0,2,0%,9.5
can i get darker tint if i have astigmatism,0,2,0%,10
can window tint help with astigmatism,0,2,0%,10
can you get a prescription for window tint for astigmatism,0,2,0%,10
how to get a window tint permit,0,2,0%,10
tint exemption letter,0,2,0%,10
can you get a tint exemption,0,2,0%,10.5
car tint exemption,0,2,0%,10.5
medical exemptions for window tint,0,2,0%,10.5
can i get a tint exemption,0,2,0%,11
how can you get a tint exemption,0,2,0%,11
medical tint waiver,0,2,0%,11
photophobia,0,2,0%,11
window tint exemption for migraines,0,2,0%,11
dmv form for tinted windows,0,2,0%,11.5
how do i get tint exemption,0,2,0%,11.5
how to get a script for window tint,0,2,0%,11.5
how to get tint medical exemption,0,2,0%,11.5
medical exemption for tint,0,2,0%,11.5
medical exemption for windshield tint,0,2,0%,11.5
tint for astigmatism,0,2,0%,11.5
tinted windows exemption,0,2,0%,11.5
apply for tint exemption,0,2,0%,12
mv 80w,0,2,0%,12
new york window tint exemptions brooklyn,0,2,0%,12
where to get a tint exemption,0,2,0%,12
windshield tint for astigmatism,0,2,0%,12
michigan window tint exemption,0,2,0%,15
window tint exemption michigan,0,2,0%,15.5
florida window tint laws medical exemption,0,2,0%,18.5
medical conditions for window tint exemption,0,2,0%,18.5
new york state tint exemption,0,2,0%,18.5
medical exemption for window tint florida,0,2,0%,20
new york state tint exemption requirements,0,2,0%,23.5
window tint prescription,0,2,0%,24
new york state window tint exemption,0,2,0%,24.5
florida tint exemption form,0,2,0%,29
nys window tint exemption,0,2,0%,32
florida tint medical exemption,0,2,0%,34.5
florida sunscreen exemption form,0,2,0%,36.5
tint permit nyc,0,2,0%,39
nyc tint exemption form,0,2,0%,39.5
nys dmv window tint exemption,0,2,0%,41
nys tint exemption sticker,0,2,0%,41
nys dmv tint exemption,0,2,0%,42
new york state window tint exemption form,0,2,0%,42.5
tint prescription,0,2,0%,42.5
nys window tint exemption sticker,0,2,0%,45
texas window tint exemption,0,2,0%,45.5
medical reasons for window tint,0,2,0%,47.5
ny dmv tint exemption form,0,2,0%,50.5
tint exemption texas,0,2,0%,53.5
ca tint exemption,0,2,0%,60.5
sunscreening medical exemption,0,2,0%,60.5
what is the legal window tint in indiana,0,2,0%,61.5
how to get prescription for tinted windows,0,2,0%,65
medical waiver for window tint,0,2,0%,68.5
ticket for tinted windows ny,0,2,0%,68.5
window tint law in michigan,0,2,0%,68.5
is 5 percent tint legal in indiana,0,2,0%,69.5
medical exemption for window tint nj,0,2,0%,69.5
is windshield tint legal near indiana,0,2,0%,71
is it legal to tint your windshield near indiana,0,2,0%,74
how to get a prescription for window tint,0,2,0%,82.5
window tint laws indiana,0,2,0%,86
why do dispensaries have tinted windows,0,2,0%,87.5
what percent tint is legal in michigan,0,2,0%,92.5
online tint waiver,0,1,0%,3
medical exemption form for tinted windows,0,1,0%,4
vehicle tint waiver request form,0,1,0%,4
porphyria,0,1,0%,5
how to get window tint permit,0,1,0%,6
albinism,0,1,0%,7
dmv tinted windows form,0,1,0%,7
doctor window tint,0,1,0%,7
how long does it take to get a tint exemption,0,1,0%,7
can you get tint exemption for migraines,0,1,0%,8
car window tint exemption,0,1,0%,8
form for tinted windows,0,1,0%,8
tint medical exemption form,0,1,0%,8
tinted windows permit,0,1,0%,8
window tint medical exemption form,0,1,0%,8
does tint exemption include windshield,0,1,0%,9
how can i get a medical exemption for tint,0,1,0%,9
how to get medical tint for car,0,1,0%,9
medical letter for tinted windows,0,1,0%,9
tint form dmv,0,1,0%,9
what is tint exemption,0,1,0%,9
car tint for astigmatism,0,1,0%,10
dmv medical tint waiver,0,1,0%,10
does tint exemption expire,0,1,0%,10
florida medical exemption window tint requirements,0,1,0%,10
how to get a windshield tint exemption,0,1,0%,10
how to get exempt from window tint,0,1,0%,10
how to get tint exemption in nyc,0,1,0%,10
medical conditions for tint exemption,0,1,0%,10
medical exemption for window tinting,0,1,0%,10
medical reasons for tint exemption,0,1,0%,10
optometrist tint exemption,0,1,0%,10
tint exemption astigmatism,0,1,0%,10
waiver for tinted windows,0,1,0%,10
window tint form,0,1,0%,10
application for window tint medical exemption,0,1,0%,11
dmv window tint exemption form application process latest,0,1,0%,11
florida window tint medical exemption dmv,0,1,0%,11
how can i get a medical exemption for window tint,0,1,0%,11
how much is a tint exemption,0,1,0%,11
how to get a doctors note for tinted windows,0,1,0%,11
how to get an exemption for tinted windows,0,1,0%,11
how to get exemption for window tint,0,1,0%,11
how to get tint exempt,0,1,0%,11
is it easy to get a tint exemption,0,1,0%,11
kansas window tint exemption form,0,1,0%,11
medical exemption tint,0,1,0%,11
medical tint exemption form,0,1,0%,11
michigan window tint law 2026,0,1,0%,11
tint exemption dmv,0,1,0%,11
tint exemption doctor near me,0,1,0%,11
tint window exemption,0,1,0%,11
can you get a doctors note for tinted windows,0,1,0%,12
do tints help with astigmatism,0,1,0%,12
how do you get a tint waiver,0,1,0%,12
how to apply for tint exemption,0,1,0%,12
how to get a window tint exemption in ny,0,1,0%,12
medical reasons to have tinted windows,0,1,0%,12
prescription car tint,0,1,0%,12
prescription windshield tint,0,1,0%,12
tint permit,0,1,0%,12
tinted window exemption form,0,1,0%,12
what do i do once i have dr note for tint exemption in marion county fl,0,1,0%,12
window tint exemptions,0,1,0%,12
can i get a doctor's note for tinted windows,0,1,0%,13
can you get medical exemption for window tint,0,1,0%,13
car tint medical exemption,0,1,0%,13
how to get window tint exemption in florida,0,1,0%,13
tinted windows prescription,0,1,0%,14
prescription window tint,0,1,0%,16
medical tint exemption ny,0,1,0%,17
window tint doctors note,0,1,0%,17
how to get a tint prescription,0,1,0%,18
new york window tint exemption,0,1,0%,18
florida medical window tint exemption,0,1,0%,19
florida window tint medical exemption requirements,0,1,0%,19
prescription tinted windows,0,1,0%,20
florida tint waiver,0,1,0%,21
how to get a tint exemption in florida,0,1,0%,21
tint exemption form florida,0,1,0%,21
how to get a prescription for tinted windows,0,1,0%,22
new york dmv window tint policy changes,0,1,0%,22
new york state tint exemption form,0,1,0%,23
nyc window tint exemption,0,1,0%,23
prescription for window tint,0,1,0%,23
is it reasonable to tint car windows in florida for rosacea,0,1,0%,25
mv-80w,0,1,0%,25
what does a tint exemption look like,0,1,0%,25
florida tint form,0,1,0%,27
mv-80w form,0,1,0%,28
tinted windows exemption ny,0,1,0%,28
window tint exemption sticker ny,0,1,0%,28
window tint exemption nyc,0,1,0%,29
application for tinted window exemption mv-80w,0,1,0%,30
form mv-80w,0,1,0%,30
florida sunscreen medical exemption,0,1,0%,32
how to get a permit for tinted windows,0,1,0%,32
new york tint exemption,0,1,0%,32
photophobia window tint,0,1,0%,34
tint exemption ny form,0,1,0%,34
ny tint exemption sticker,0,1,0%,35
nys window tint exemption form,0,1,0%,35
nys window tint exemption sticker placement,0,1,0%,35
texas dps window tint medical exemption form,0,1,0%,35
florida sunscreen exemption,0,1,0%,36
nys window tint exemption sticker replacement,0,1,0%,37
tint exemption form ny,0,1,0%,37
dmv tint exemption form ny,0,1,0%,38
dmv tinted window form ny,0,1,0%,38
nys tinted window exemption,0,1,0%,39
florida window tint exemption form,0,1,0%,40
sunscreening medical exemption florida,0,1,0%,40
ez legal tint,0,1,0%,41
ny tint exemption form,0,1,0%,41
sunscreen medical exemption florida,0,1,0%,41
florida medical tint exemption,0,1,0%,42
florida medical exemption window tint,0,1,0%,43
texas window tint exemption form pdf,0,1,0%,43
nys dmv tint exemption form,0,1,0%,44
sunscreen exemption florida,0,1,0%,44
texas tint exemption,0,1,0%,45
window tint prescription florida,0,1,0%,45
dmv tint exemption ny,0,1,0%,47
tint permit florida,0,1,0%,47
florida windshield tint exemption,0,1,0%,50
ny dmv tint exemption,0,1,0%,52
west virginia tint laws,0,1,0%,52
nys dmv tinted window exemption,0,1,0%,53
sunscreen medical exemption,0,1,0%,55
is windshield tint legal in indiana,0,1,0%,57
application for sunscreening medical exemption,0,1,0%,58
maximum legal window tint michigan,0,1,0%,58
what is the legal limit for window tint in indiana,0,1,0%,64
doctors note for window tint,0,1,0%,65
west virginia window tint law,0,1,0%,65
what is the tint law in indiana,0,1,0%,66
is 15 tint legal in indiana,0,1,0%,68
doctors note for tints,0,1,0%,69
nj tint exemption,0,1,0%,70
indiana tint laws 2025,0,1,0%,71
window tint laws in west virginia,0,1,0%,71
window tint permit california,0,1,0%,71
is 5 tint legal in indiana,0,1,0%,72
west virginia window tint laws,0,1,0%,73
how much is a tint ticket in ny,0,1,0%,74
window tint laws in michigan,0,1,0%,75
legal window tint in ny,0,1,0%,78
how to get window tint prescription,0,1,0%,80
what is legal tint in ny,0,1,0%,81
tint waver,0,1,0%,85
indiana car window tint law,0,1,0%,86
indiana window tint laws,0,1,0%,87
what is the darkest legal tint in indiana,0,1,0%,87
what is the legal tint in indiana,0,1,0%,88
what's the legal tint in new york,0,1,0%,88
window tinting laws indiana,0,1,0%,88
how to get tint prescription,0,1,0%,91
window tinting laws in michigan,0,1,0%,91
commercial vehicle tint laws in indiana,0,1,0%,93
state of michigan window tint law,0,1,0%,95
is tint legal in ny,0,1,0%,96
what color tint is best for light sensitivity,0,1,0%,96
is windshield tint legal in michigan,0,1,0%,97
is window tint legal in ny,0,1,0%,99